epoch,steps,cosine_pearson,cosine_spearman,euclidean_pearson,euclidean_spearman,manhattan_pearson,manhattan_spearman,dot_pearson,dot_spearman
0,-1,0.8570960971764259,0.8521253726307138,0.8033416369002828,0.8107868029447057,0.8047966042205035,0.8121812410778826,0.8243973358304768,0.8259347305036321
1,-1,0.9219419302020806,0.8948059827271837,0.8849623885163473,0.8750794347212879,0.886129684827531,0.8760452869859733,0.8951271921539932,0.8686258099309371
2,-1,0.9468393767146844,0.9074827419232286,0.9222920366691504,0.8954244203728536,0.9223215262760622,0.8954033773674911,0.924755237877962,0.8824021084822843
